numero_dordre,sexe_de_lenfant,nom_de_laire_de_sante_de_recrutement,numero_de_zone,jour_de_visite,mois_visite,maladie_au_cours_du_mois,lenfant_a_t_il_recu_la_vitamine_a,mode_dalimentation_de_lenfant,frequence_de_lavage_du_recipient_utilise_pour_la_collecte_et_le_transport_de_leau_utilise_dans_le_menage,traitement_arv
135,m,Ekounou,45,24,08.2021,TOUX,Oui,Allateiment mixte,Avant chaque remplissage,TDF+3TC+EFV
154,f,Ekounou,53,25,08.2021,Paludisme,Oui,Allateiment mixte,Avant chaque remplissage,AZT+3TC+NVP
166,m,Ekounou,55,26,08.2021,toux,Non,Allateiment mixte,Jamais,TDF+3TC+EFV
179,m,Meyo,75,28,08.2021,grippe,Oui,Allateiment mixte,Avant chaque remplissage,TDF+3TC+EFV
42,f,Mimboman 1,5,19,08.2021,boutons  sur la peau,Non,Allateiment mixte,Avant chaque remplissage,AZT+3TC+NVP
27,f,Mimboman 2,10,17,08.2021,VERS INTESTINAUX,Oui,Allateiment mixte,Jamais,AZT+3TC+NVP
35,f,Mimboman 2,8,18,08.2021,Poussee dentaire,Oui,Allateiment mixte,Avant chaque remplissage,TDF+3TC+EFV
61,f,Mimboman 2,12,20,08.2021,Boutons   sur  la peau,Oui,Allateiment mixte,Avant chaque remplissage,TDF+3TC+EFV
77,f,Mimboman 2,12,20,08.2021,probleme de peau,Oui,Allateiment mixte,Avant chaque remplissage,TDF+3TC+EFV
83,f,Mimboman 2,15,20,08.2021,toux,Non,Allateiment mixte,Avant chaque remplissage,TDF+3TC+EFV
163,m,Odza,60,26,08.2021,rhume,Oui,Allateiment mixte,Au moins une fois par mois,TDF+3TC+EFV
164,m,Odza,60,26,08.2021,Rhume,Oui,Allateiment mixte,Au moins une fois par jour,TDF+3TC+EFV
198,m,Odza,69,31,08.2021,toux,Oui,Allateiment mixte,Jamais,AZT+3TC+NVP
23,m,Mimboman 1,4,17,08.2021,TOUX,Oui,Lait artificiel,Avant chaque remplissage,AZT+3TC+NVP
86,m,Ekounou,47,21,08.2021,GRIPPE,Oui,Lait et aliments,Au moins une fois par jour,AZT+3TC+EFV
140,m,Ekounou,51,25,08.2021,Diarrhee,Oui,Lait et aliments,Avant chaque remplissage,TDF+3TC+EFV
142,m,Ekounou,51,25,08.2021,diarrhee,Non,Lait et aliments,Jamais,AZT+3TC+NVP
152,f,Ekounou,53,25,08.2021,Paludisme,Non,Lait et aliments,Avant chaque remplissage,TDF+3TC+EFV
43,m,Kodengui,19,19,08.2021,Bronchite,Oui,Lait et aliments,Jamais,TDF+3TC+EFV
55,m,Kodengui,19,19,08.2021,Toux,Oui,Lait et aliments,Jamais,TDF+3TC+EFV
82,m,Kodengui,19,20,08.2021,toux,Oui,Lait et aliments,Jamais,TDF+3TC+EFV
6,f,Mimboman 1,4,17,08.2021,Grippe,Non,Lait et aliments,Avant chaque remplissage,TDF+3TC+EFV
33,f,Mimboman 1,1,18,08.2021,Paludisme,Oui,Lait et aliments,Avant chaque remplissage,AZT+3TC+NVP
15,f,Mimboman 2,7,17,08.2021,Paludisme,Non,Lait et aliments,Au moins une fois par jour,TDF+3TC+EFV
46,f,Mimboman 2,11,19,08.2021,Diarrhee,Oui,Lait et aliments,Avant chaque remplissage,TDF+3TC+EFV
54,m,mimboman 2,11,19,08.2021,Rhume,Oui,Lait et aliments,Avant chaque remplissage,TDF+3TC+EFV
76,f,Mimboman 2,15,20,08.2021,Paludisme,Non,Lait et aliments,Avant chaque remplissage,AZT+3TC+NVP
4,f,Mimboman 9,9,17,08.2021,fievre,Oui,Lait et aliments,Au moins une fois par semaine,AZT+3TC+NVP
108,m,Nkoldongo 1,29,22,08.2021,toux,Oui,Lait et aliments,Jamais,TDF+3TC+EFV
175,m,Odza,65,27,07.2021,rhume,Non,Lait et aliments,Jamais,AZT+3TC+NVP
165,m,Ekounou,55,26,07.2021,toux,Non,Lait maternel exclusif,Jamais,TDF+3TC+EFV
172,f,Ekounou,44,27,07.2021,grippe,Oui,Lait maternel exclusif,Jamais,TDF+3TC+EFV
178,f,Meyo,75,28,07.2021,grippe,Non,Lait maternel exclusif,Avant chaque remplissage,TDF+3TC+EFV
10,m,Mimboman 1,5,17,07.2021,Mal de ventre,Non,Lait maternel exclusif,Au moins une fois par semaine,TDF+3TC+EFV
134,m,Odza,61,24,07.2021,paludisme,Non,Lait maternel exclusif,Avant chaque remplissage,AZT+3TC+NVP
85,f,Ekounou,47,21,07.2021,Grippe,Oui,Meme aliments,Au moins une fois par jour,AZT+3TC+NVP
87,f,Ekounou,47,21,07.2021,GRIPPE,Oui,Meme aliments,Au moins une fois par jour,TDF+3TC+EFV
88,f,Ekounou,47,21,07.2021,GRIPPE,Oui,Meme aliments,Au moins une fois par jour,AZT+3TC+NVP
89,m,Ekounou,47,21,07.2021,GRIPPE,Oui,Meme aliments,Au moins une fois par jour,AZT+3TC+NVP
94,f,Ekounou,47,21,07.2021,TOUX,Oui,Meme aliments,Au moins une fois par jour,AZT+3TC+NVP
95,f,Ekounou,47,21,07.2021,TOUX,Oui,Meme aliments,Au moins une fois par jour,D4T+3TC+NVP
96,f,Ekounou,47,21,07.2021,TOUX,Oui,Meme aliments,Au moins une fois par jour,D4T+3TC+NVP
124,m,Ekounou,45,24,07.2021,grippe,Oui,Meme aliments,Avant chaque remplissage,TDF+3TC+EFV
127,f,Ekounou,43,24,07.2021,PALUDISME,Oui,Meme aliments,Avant chaque remplissage,AZT+3TC+NVP
128,f,Ekounou,43,24,07.2021,Paludisme,Non,Meme aliments,Avant chaque remplissage,AZT+3TC+NVP
129,f,Ekounou,45,24,07.2021,paludisme,Non,Meme aliments,Avant chaque remplissage,AZT+3TC+NVP
130,m,Ekounou,45,24,07.2021,paludisme,Non,Meme aliments,Jamais,TDF+3TC+EFV
131,m,Ekounou,45,24,07.2021,Paludisme,Non,Meme aliments,Jamais,TDF+3TC+EFV
132,m,Ekounou,45,24,07.2021,Paludisme,Non,Meme aliments,Jamais,TDF+3TC+EFV
136,m,Ekounou,45,24,07.2021,TOUX,Non,Meme aliments,Avant chaque remplissage,AZT+3TC+NVP
141,m,Ekounou,51,25,07.2021,diarrhee,Oui,Meme aliments,Avant chaque remplissage,TDF+3TC+EFV
143,m,Ekounou,51,25,07.2021,Diarrhee,Oui,Meme aliments,Avant chaque remplissage,AZT+3TC+NVP
144,f,Ekounou,53,25,07.2021,diarrhee,Oui,Meme aliments,Avant chaque remplissage,AZT+3TC+NVP
145,m,Ekounou,53,25,07.2021,fievre,Non,Meme aliments,Jamais,TDF+3TC+EFV
146,f,Ekounou,53,25,07.2021,Fievre,Non,Meme aliments,Avant chaque remplissage,AZT+3TC+EFV
147,f,Ekounou,48,25,07.2021,Mal de   ventre,Oui,Meme aliments,Avant chaque remplissage,TDF+3TC+EFV
150,f,Ekounou,51,25,07.2021,paludisme,Non,Meme aliments,Avant chaque remplissage,AZT+3TC+NVP
151,m,Ekounou,53,25,07.2021,paludisme,Oui,Meme aliments,Jamais,TDF+3TC+EFV
153,f,Ekounou,53,25,07.2021,Paludisme,Non,Meme aliments,Avant chaque remplissage,AZT+3TC+NVP
155,f,Ekounou,55,26,07.2021,boutons sur la peau,Non,Meme aliments,Avant chaque remplissage,AZT+3TC+NVP
156,m,Ekounou,55,26,07.2021,diarrhee,Non,Meme aliments,Jamais,TDF+3TC+EFV
157,f,Ekounou,55,26,07.2021,infection  urinaire,Oui,Meme aliments,Avant chaque remplissage,AZT+3TC+NVP
158,m,Ekounou,55,26,07.2021,Paludisme,Oui,Meme aliments,Avant chaque remplissage,AZT+3TC+NVP
159,f,Ekounou,55,26,07.2021,paludisme,Oui,Meme aliments,Avant chaque remplissage,TDF+3TC+EFV
160,f,Ekounou,55,26,07.2021,Paludisme,Non,Meme aliments,Avant chaque remplissage,TDF+3TC+EFV
161,f,Ekounou,55,26,07.2021,paludisme,Non,Meme aliments,Avant chaque remplissage,Other
170,m,Ekounou,44,27,07.2021,Fievre,Oui,Meme aliments,Jamais,AZT+3TC+NVP
171,f,Ekounou,44,27,07.2021,grippe,Oui,Meme aliments,Au moins une fois par jour,TDF+3TC+EFV
176,f,Ekounou,44,27,07.2021,toux,Oui,Meme aliments,Jamais,AZT+3TC+NVP
177,f,Ekounou,49,27,07.2021,toux,Non,Meme aliments,Au moins une fois par semaine,AZT+3TC+NVP
181,f,Ekounou,54,28,07.2021,toux,Oui,Meme aliments,Jamais,TDF+3TC+EFV
182,f,Ekounou,54,28,07.2021,toux,Oui,Meme aliments,Jamais,AZT+3TC+NVP
183,f,Ekounou,54,28,07.2021,toux,Oui,Meme aliments,Au moins une fois par jour,TDF+3TC+EFV
184,f,Ekounou,54,28,07.2021,Toux,Oui,Meme aliments,Jamais,TDF+3TC+EFV
185,f,Ekounou,54,28,07.2021,toux,Oui,Meme aliments,Au moins une fois par jour,TDF+3TC+EFV
188,f,Ekounou,49,29,07.2021,paludisme,Oui,Meme aliments,Jamais,AZT+3TC+NVP
30,f,Kodengui,17,18,07.2021,GRIPPE,Oui,Meme aliments,Au moins une fois par jour,TDF+3TC+EFV
32,f,Kodengui,17,18,07.2021,MAL   DE VENTRE,Oui,Meme aliments,Au moins une fois par jour,TDF+3TC+EFV
36,f,Kodengui,17,18,07.2021,toux,Oui,Meme aliments,Au moins une fois par jour,AZT+3TC+NVP
37,f,Kodengui,17,18,07.2021,TOUX,Oui,Meme aliments,Au moins une fois par jour,TDF+3TC+EFV
38,f,Kodengui,17,18,07.2021,TOUX,Oui,Meme aliments,Au moins une fois par jour,AZT+3TC+NVP
39,f,Kodengui,17,18,07.2021,TOUX,Oui,Meme aliments,Au moins une fois par jour,AZT+3TC+NVP
47,f,Kodengui,19,19,07.2021,Grippe,Oui,Meme aliments,Au moins une fois par mois,AZT+3TC+NVP
51,f,Kodengui,19,19,07.2021,Paludisme,Oui,Meme aliments,Avant chaque remplissage,TDF+3TC+EFV
78,m,Kodengui,19,20,07.2021,toux,Oui,Meme aliments,Jamais,TDF+3TC+EFV
125,f,Meyo,77,24,07.2021,grippe,Oui,Meme aliments,Au moins une fois par jour,TDF+3TC+EFV
137,f,Meyo,77,24,07.2021,toux,Oui,Meme aliments,Au moins une fois par jour,TDF+3TC+EFV
180,m,Meyo,75,28,07.2021,Mal  de ventre,Oui,Meme aliments,Jamais,AZT+3TC+NVP
194,f,Meyo,76,31,07.2021,fievre,Oui,Meme aliments,Jamais,AZT+3TC+NVP
195,f,Meyo,78,31,07.2021,gastro   enterite,Oui,Meme aliments,Avant chaque remplissage,AZT+3TC+EFV
1,f,Mimboman 1,3,17,07.2021,Abces,Oui,Meme aliments,Avant chaque remplissage,TDF+3TC+EFV
2,m,Mimboman 1,3,17,07.2021,Diarrhee,Non,Meme aliments,Jamais,AZT+3TC+NVP
3,m,Mimboman 1,3,17,07.2021,diarrhee,Non,Meme aliments,Jamais,TDF+3TC+EFV
5,f,Mimboman 1,6,17,07.2021,Gastro enterite,Oui,Meme aliments,Avant chaque remplissage,TDF+3TC+EFV
8,f,Mimboman 1,3,17,07.2021,infection urinaire,Non,Meme aliments,Avant chaque remplissage,TDF+3TC+EFV
9,f,Mimboman 1,4,17,07.2021,INFECTION    URINAIRE,Non,Meme aliments,Avant chaque remplissage,TDF+3TC+EFV
11,f,Mimboman 1,6,17,07.2021,MAL DE VENTRE,Oui,Meme aliments,Au moins une fois par jour,TDF+3TC+EFV
17,m,Mimboman 1,1,17,07.2021,Paludisme,Non,Meme aliments,Au moins une fois par semaine,TDF+3TC+EFV
18,f,Mimboman 1,6,17,07.2021,paludisme,Oui,Meme aliments,Au moins une fois par jour,AZT+3TC+NVP
20,f,Mimboman 1,3,17,07.2021,Poussee dentaire,Oui,Meme aliments,Avant chaque remplissage,AZT+3TC+NVP
21,f,Mimboman 1,5,17,07.2021,Probleme de peau,Oui,Meme aliments,Jamais,TDF+3TC+EFV
22,m,Mimboman 1,4,17,07.2021,toux,Non,Meme aliments,Avant chaque remplissage,TDF+3TC+EFV
24,f,Mimboman 1,4,17,07.2021,Toux,Non,Meme aliments,Avant chaque remplissage,AZT+3TC+NVP
28,f,Mimboman 1,3,17,07.2021,Vers      intestinaux,Non,Meme aliments,Avant chaque remplissage,AZT+3TC+NVP
31,m,Mimboman 1,1,18,07.2021,Grippe,Oui,Meme aliments,Avant chaque remplissage,AZT+3TC+NVP
34,f,Mimboman 1,2,18,07.2021,Paludisme,Non,Meme aliments,Au moins une fois par mois,AZT+3TC+NVP
40,f,Mimboman 1,4,18,07.2021,Toux,Non,Meme aliments,Au moins une fois par semaine,TDF+3TC+EFV
44,f,Mimboman 1,2,19,07.2021,Bronchite,Non,Meme aliments,Avant chaque remplissage,AZT+3TC+NVP
52,m,Mimboman 1,2,19,07.2021,paludisme,Non,Meme aliments,Avant chaque remplissage,AZT+3TC+NVP
29,f,Mimboman 13,9,18,07.2021,fievre,Oui,Meme aliments,Avant chaque remplissage,D4T+3TC+NVP
13,f,Mimboman 2,7,17,07.2021,Paludisme,Oui,Meme aliments,Au moins une fois par semaine,TDF+3TC+EFV
14,f,Mimboman 2,7,17,07.2021,Paludisme,Oui,Meme aliments,Au moins une fois par semaine,TDF+3TC+EFV
19,m,Mimboman 2,7,17,07.2021,Paludisme,Oui,Meme aliments,Au moins une fois par jour,AZT+3TC+NVP
25,f,Mimboman 2,9,17,07.2021,Toux,Oui,Meme aliments,Jamais,D4T+3TC+NVP
26,m,Mimboman 2,9,17,07.2021,toux,Oui,Meme aliments,Au moins une fois par semaine,AZT+3TC+NVP
50,m,Mimboman 2,10,19,07.2021,Paludisme,Non,Meme aliments,Au moins une fois par semaine,TDF+3TC+EFV
53,m,Mimboman 2,11,19,07.2021,Paludisme,Oui,Meme aliments,Avant chaque remplissage,AZT+3TC+NVP
56,f,Mimboman 2,13,19,07.2021,Toux,Non,Meme aliments,Avant chaque remplissage,TDF+3TC+EFV
64,f,Mimboman 2,15,20,07.2021,Fievre,Oui,Meme aliments,Avant chaque remplissage,TDF+3TC+EFV
72,m,Mimboman 2,11,20,07.2021,Mal de ventre,Oui,Meme aliments,Avant chaque remplissage,TDF+3TC+EFV
73,m,Mimboman 2,15,20,07.2021,Mal de ventre,Oui,Meme aliments,Avant chaque remplissage,AZT+3TC+NVP
75,f,Mimboman 2,13,20,07.2021,Paludisme,Non,Meme aliments,Avant chaque remplissage,AZT+3TC+NVP
79,f,Mimboman 2,13,20,07.2021,toux,Non,Meme aliments,Avant chaque remplissage,AZT+3TC+EFV
84,m,Mimboman 2,13,20,07.2021,Varicelle,Oui,Meme aliments,Avant chaque remplissage,AZT+3TC+NVP
12,f,Mimboman 3,7,17,07.2021,Paludisme,Oui,Meme aliments,Au moins une fois par jour,AZT+3TC+NVP
7,f,Mimboman 4,7,17,07.2021,grippe,Oui,Meme aliments,Au moins une fois par jour,AZT+3TC+NVP
16,m,Mimboman 6,7,17,07.2021,Paludisme,Oui,Meme aliments,Au moins une fois par jour,AZT+3TC+NVP
41,f,Nkoldongo 1,27,19,07.2021,boutons   sur la peau,Oui,Meme aliments,Au moins une fois par jour,TDF+3TC+EFV
45,f,Nkoldongo 1,27,19,07.2021,diarrhee,Oui,Meme aliments,Au moins une fois par jour,TDF+3TC+EFV
48,f,Nkoldongo 1,27,19,07.2021,grippe,Oui,Meme aliments,Au moins une fois par jour,AZT+3TC+NVP
49,f,Nkoldongo 1,27,19,07.2021,grippe,Oui,Meme aliments,Au moins une fois par jour,AZT+3TC+NVP
57,m,Nkoldongo 1,27,19,07.2021,TOUX,Oui,Meme aliments,Au moins une fois par jour,AZT+3TC+NVP
58,m,Nkoldongo 1,27,19,07.2021,Toux,Oui,Meme aliments,Au moins une fois par jour,AZT+3TC+NVP
59,f,Nkoldongo 1,27,19,07.2021,TOUX,Oui,Meme aliments,Au moins une fois par jour,TDF+3TC+EFV
60,f,Nkoldongo 1,27,19,07.2021,Toux,Oui,Meme aliments,Au moins une fois par jour,TDF+3TC+EFV
92,m,Nkoldongo 1,29,21,07.2021,mal de ventre,Non,Meme aliments,Jamais,TDF+3TC+EFV
115,m,Nkoldongo 1,30,23,07.2021,Paludisme,Oui,Meme aliments,Avant chaque remplissage,AZT+3TC+NVP
62,m,Nkoldongo 2,21,20,07.2021,diarrhee,Oui,Meme aliments,Avant chaque remplissage,AZT+3TC+EFV
63,m,Nkoldongo 2,21,20,07.2021,diarrhee,Oui,Meme aliments,Avant chaque remplissage,AZT+3TC+NVP
90,f,Nkoldongo 2,25,21,07.2021,grippe,Oui,Meme aliments,Avant chaque remplissage,AZT+3TC+NVP
93,f,Nkoldongo 2,25,21,07.2021,Mal de       ventre,Oui,Meme aliments,Avant chaque remplissage,TDF+3TC+EFV
97,f,Nkoldongo 2,24,21,07.2021,TOUX,Non,Meme aliments,Jamais,TDF+3TC+EFV
102,m,Nkoldongo 2,21,22,07.2021,diarrhee,Oui,Meme aliments,Avant chaque remplissage,TDF+3TC+EFV
105,f,Nkoldongo 2,23,22,07.2021,Paludisme,Non,Meme aliments,Avant chaque remplissage,TDF+3TC+EFV
65,f,Nkomo,37,20,07.2021,Grippe,Oui,Meme aliments,Au moins une fois par jour,TDF+3TC+EFV
66,f,Nkomo,37,20,07.2021,Grippe,Oui,Meme aliments,Au moins une fois par jour,TDF+3TC+EFV
67,f,Nkomo,37,20,07.2021,Grippe,Oui,Meme aliments,Au moins une fois par jour,TDF+3TC+EFV
68,f,Nkomo,37,20,07.2021,Grippe,Oui,Meme aliments,Au moins une fois par jour,TDF+3TC+EFV
69,f,Nkomo,37,20,07.2021,Grippe,Oui,Meme aliments,Au moins une fois par jour,TDF+3TC+EFV
70,f,Nkomo,37,20,07.2021,Grippe,Oui,Meme aliments,Au moins une fois par jour,TDF+3TC+EFV
71,f,Nkomo,37,20,07.2021,Grippe,Oui,Meme aliments,Au moins une fois par jour,TDF+3TC+EFV
74,f,Nkomo,37,20,07.2021,mal de ventre,Oui,Meme aliments,Au moins une fois par jour,TDF+3TC+EFV
80,f,Nkomo,37,20,07.2021,Toux,Oui,Meme aliments,Au moins une fois par jour,TDF+3TC+EFV
81,f,Nkomo,37,20,07.2021,Toux,Oui,Meme aliments,Au moins une fois par jour,AZT+3TC+NVP
98,f,Nkomo,31,21,07.2021,TOUX,Oui,Meme aliments,Avant chaque remplissage,AZT+3TC+EFV
106,f,Nkomo,31,22,07.2021,Paludisme,Oui,Meme aliments,Avant chaque remplissage,AZT+3TC+EFV
107,m,Nkomo,31,22,07.2021,rhume,Oui,Meme aliments,Jamais,TDF+3TC+EFV
111,m,Nkomo,35,23,07.2021,fievre,Oui,Meme aliments,Avant chaque remplissage,AZT+3TC+NVP
112,f,Nkomo,39,23,07.2021,fracture,Oui,Meme aliments,Au moins une fois par jour,D4T+3TC+NVP
113,f,Nkomo,35,23,07.2021,mal de ventre,Non,Meme aliments,Avant chaque remplissage,TDF+3TC+EFV
114,m,Nkomo,35,23,07.2021,Paludisme,Non,Meme aliments,Jamais,TDF+3TC+EFV
116,m,Nkomo,35,23,07.2021,Probleme de peau,Oui,Meme aliments,Avant chaque remplissage,AZT+3TC+EFV
117,m,Nkomo,35,23,07.2021,Rhume,Oui,Meme aliments,Avant chaque remplissage,AZT+3TC+NVP
118,f,Nkomo,35,23,07.2021,toux,Oui,Meme aliments,Avant chaque remplissage,AZT+3TC+NVP
119,m,Nkomo,39,23,07.2021,toux,Oui,Meme aliments,Jamais,TDF+3TC+EFV
120,m,Nkomo,39,23,07.2021,toux,Oui,Meme aliments,Jamais,AZT+3TC+NVP
121,f,Nkomo,38,24,07.2021,Abces,Oui,Meme aliments,Avant chaque remplissage,AZT+3TC+NVP
122,m,Nkomo,39,24,07.2021,bronchite,Oui,Meme aliments,Jamais,TDF+3TC+EFV
123,f,Nkomo,36,24,07.2021,Fievre,Oui,Meme aliments,Avant chaque remplissage,TDF+3TC+EFV
138,m,Nkomo,39,24,07.2021,toux,Non,Meme aliments,Au moins une fois par mois,AZT+3TC+NVP
148,f,Nkomo,32,25,07.2021,Paludisme,Oui,Meme aliments,Avant chaque remplissage,NA
149,f,Nkomo,32,25,07.2021,paludisme,Non,Meme aliments,Avant chaque remplissage,TDF+3TC+EFV
91,f,Odza,57,21,07.2021,Grippe,Oui,Meme aliments,Au moins une fois par jour,AZT+3TC+NVP
99,m,Odza,57,21,07.2021,toux,Oui,Meme aliments,Au moins une fois par jour,AZT+3TC+NVP
100,f,Odza,57,21,07.2021,toux,Oui,Meme aliments,Au moins une fois par jour,AZT+3TC+NVP
101,f,Odza,57,21,07.2021,toux,Oui,Meme aliments,Au moins une fois par jour,AZT+3TC+NVP
103,f,Odza,57,22,07.2021,grippe,Oui,Meme aliments,Au moins une fois par jour,AZT+3TC+NVP
104,f,Odza,67,22,07.2021,Grippe,Oui,Meme aliments,Au moins une fois par jour,AZT+3TC+EFV
109,m,Odza,57,22,07.2021,toux,Oui,Meme aliments,Au moins une fois par jour,TDF+3TC+EFV
110,f,Odza,67,22,07.2021,Toux,Oui,Meme aliments,Au moins une fois par jour,AZT+3TC+NVP
126,m,Odza,61,24,07.2021,grippe,Non,Meme aliments,Avant chaque remplissage,AZT+3TC+NVP
133,m,Odza,61,24,07.2021,paludisme,Oui,Meme aliments,Avant chaque remplissage,AZT+3TC+NVP
139,m,Odza,61,24,07.2021,Varicelle,Oui,Meme aliments,Jamais,AZT+3TC+EFV
162,m,Odza,60,26,07.2021,paludisme,Oui,Meme aliments,Jamais,AZT+3TC+NVP
167,m,Odza,59,26,07.2021,toux,Oui,Meme aliments,Au moins une fois par semaine,TDF+3TC+EFV
168,m,Odza,65,27,07.2021,Abces,Oui,Meme aliments,Jamais,TDF+3TC+EFV
169,m,Odza,65,27,07.2021,boutons sur la peau,Oui,Meme aliments,Avant chaque remplissage,AZT+3TC+NVP
173,f,Odza,65,27,07.2021,grippe,Oui,Meme aliments,Avant chaque remplissage,AZT+3TC+NVP
174,f,Odza,63,27,07.2021,Paludisme,Non,Meme aliments,Avant chaque remplissage,AZT+3TC+NVP
186,f,Odza,66,29,07.2021,fievre,Oui,Meme aliments,Avant chaque remplissage,AZT+3TC+NVP
187,f,Odza,64,29,07.2021,grippe,Oui,Meme aliments,Jamais,TDF+3TC+EFV
189,m,Odza,64,29,07.2021,toux,Oui,Meme aliments,Jamais,AZT+3TC+NVP
190,m,Odza,64,29,07.2021,toux,Oui,Meme aliments,Jamais,AZT+3TC+NVP
191,f,Odza,74,30,07.2021,grippe,Oui,Meme aliments,Jamais,TDF+3TC+EFV
192,f,Odza,74,30,07.2021,grippe,Oui,Meme aliments,Au moins une fois par jour,TDF+3TC+EFV
193,f,Odza,74,30,07.2021,toux,Oui,Meme aliments,Jamais,AZT+3TC+NVP
196,f,Odza,62,31,07.2021,Paludisme,Non,Meme aliments,Avant chaque remplissage,AZT+3TC+NVP
197,f,Odza,62,31,07.2021,Paludisme,Oui,Meme aliments,Avant chaque remplissage,AZT+3TC+NVP
199,m,Odza,69,31,07.2021,toux,Oui,Meme aliments,Au moins une fois par semaine,AZT+3TC+NVP
